Workbook

Sheet Instrucciones
A1: Registro de actividades grupales · CESFAM N°5 (prototipo)
A2: Esta planilla es la base de datos del formulario web. Al subirla a Google Drive se abre como Google Sheets.
A4: Pestañas
A5: Registro: una fila por actividad, identificada por su código (ej. C5-2610-K7Q3). La llena el formulario; no se edita a mano.
A6: Salidas_REM: una fila por cada celda del REM que alimenta cada actividad realizada. También la llena el formulario.
A7: Consolidado_REM: escriba el mes en la celda amarilla B1 (formato AAAA-MM). Muestra el total por celda del REM. Use el filtro de la columna Valor para ver solo las celdas con datos.
A8: Programacion_Cobertura: lista todas las actividades con meta, logrado y cumplimiento. Filtre por la columna Mes.
A9: Reglas: catálogo de las celdas del REM que usa la herramienta, con su regla. Columna 'Validación' para que el equipo de estadística la revise.
A11: Datos de ejemplo
A12: Las filas actuales son ficticias (octubre y noviembre 2026) y sirven para mostrar el funcionamiento. Bórrelas de Registro y Salidas_REM antes de usar la planilla en serio.
A14: Fuente de coordenadas
A15: Celdas tomadas del archivo SA_26_V1_2_FEB_26.xlsm (REM Serie A 2026), hojas A19a, A19b y A27. Si el MINSAL cambia la versión del REM, hay que revisar la pestaña Reglas y el archivo del formulario.
... A18: Extensiones > Apps Script > pegue el contenido de Code.gs > Implementar > Nueva implementación > Aplicación web (acceso: cualquier persona con el enlace). Copie la URL en la constante ENDPOINT de index.html.

Sheet Registro
A1: codigo | B1: fecha | C1: mes | D1: estado | E1: nombre | F1: responsable | G1: equipo | H1: tipo | I1: sesiones | J1: hombres | K1: mujeres | L1: total | M1: pueblos_originarios | N1: migrantes | O1: prais | P1: trans_masc | Q1: trans_fem | R1: no_binarie | S1: no_revelado | T1: meta | U1: observaciones | V1: actualizado
A2: C5-2610-K7Q3 | B2: 2026-10-03 | C2: 2026-10 | D2: Realizada | E2: Feria de salud en la plaza | F2: Equipo promoción | G2: Promoción de la salud | H2: Promoción o educación grupal | I2: 1 | J2: 48 | K2: 71 | L2: =J2+K2 -> 119 | M2: 9 | N2: 22 | O2: 0 | P2: 0 | Q2: 0 | R2: 0 | S2: 0 | T2: 100 | U2: Dato ficticio de ejemplo
A3: C5-2610-M2XW | B3: 2026-10-08 | C3: 2026-10 | D3: Realizada | E3: Educación grupal alimentación saludable | F3: Nutricionista sector 2 | G3: Programa cardiovascular | H3: Promoción o educación grupal | I3: 1 | J3: 4 | K3: 11 | L3: =J3+K3 -> 15 | M3: 2 | N3: 3 | O3: 0 | P3: 0 | Q3: 0 | R3: 0 | S3: 0 | T3: 12 | U3: Dato ficticio de ejemplo
A4: C5-2610-P9DH | B4: 2026-10-10 | C4: 2026-10 | D4: Realizada | E4: Taller Yo me cuido | F4: Psicóloga | G4: Salud mental | H4: Taller de Vida Sana | I4: 4 | J4: 6 | K4: 9 | L4: =J4+K4 -> 15 | M4: 1 | N4: 4 | O4: 0 | P4: 0 | Q4: 0 | R4: 0 | S4: 0 | T4: 15 | U4: Dato ficticio de ejemplo
A5: C5-2610-T4RB | B5: 2026-10-15 | C5: 2026-10 | D5: Realizada | E5: Reunión mesa territorial Estación Central | F5: Trabajador social | G5: Participación social | H5: Participación social | I5: 1 | J5: 5 | K5: 8 | L5: =J5+K5 -> 13 | M5: 1 | N5: 2 | O5: 0 | P5: 0 | Q5: 0 | R5: 0 | S5: 0 | T5: 12 | U5: Dato ficticio de ejemplo
A6: C5-2610-W8NA | B6: 2026-10-22 | C6: 2026-10 | D6: Realizada | E6: Trawün de salud intercultural | F6: Facilitadora intercultural | G6: PESPI | H6: Participación social | I6: 1 | J6: 12 | K6: 19 | L6: =J6+K6 -> 31 | M6: 27 | N6: 3 | O6: 0 | P6: 0 | Q6: 0 | R6: 0 | S6: 0 | T6: 25 | U6: Dato ficticio de ejemplo
A7: C5-2610-H3ZJ | B7: 2026-10-24 | C7: 2026-10 | D7: Realizada | E7: Preparación material taller climaterio | F7: Matrona | G7: Salud de la mujer | H7: Actividad de gestión | I7: 1 | J7: 0 | K7: 0 | L7: =J7+K7 -> 0 | M7: 0 | N7: 0 | O7: 0 | P7: 0 | Q7: 0 | R7: 0 | S7: 0 | T7: 0 | U7: Dato ficticio de ejemplo
A8: C5-2611-B6FU | B8: 2026-11-12 | C8: 2026-11 | D8: Programada | E8: Cuenta pública participativa 2026 | F8: Dirección | G8: Participación social | H8: Participación social | I8: 1 | J8: 0 | K8: 0 | L8: =J8+K8 -> 0 | M8: 0 | N8: 0 | O8: 0 | P8: 0 | Q8: 0 | R8: 0 | S8: 0 | T8: 80 | U8: Dato ficticio de ejemplo
A9: C5-2611-R5CY | B9: 2026-11-05 | C9: 2026-11 | D9: Programada | E9: Taller de prevención de caídas | F9: Kinesiólogo | G9: Más Adultos Mayores Autovalentes | H9: Promoción o educación grupal | I9: 3 | J9: 0 | K9: 0 | L9: =J9+K9 -> 0 | M9: 0 | N9: 0 | O9: 0 | P9: 0 | Q9: 0 | R9: 0 | S9: 0 | T9: 15 | U9: Dato ficticio de ejemplo

Sheet Salidas_REM
A1: codigo | B1: mes | C1: estado | D1: hoja | E1: seccion | F1: celda | G1: fila | H1: columna | I1: valor
A2: C5-2610-K7Q3 | B2: 2026-10 | C2: Realizada | D2: A19a | E2: B.1 | F2: D129 | G2: Evento masivo · Comunas, comunidades | H2: Actividad física | I2: 1
A3: C5-2610-K7Q3 | B3: 2026-10 | C3: Realizada | D3: A19a | E3: B.1 | F3: O129 | G3: Evento masivo · Comunas, comunidades | H3: Total participantes | I3: 119
A4: C5-2610-M2XW | B4: 2026-10 | C4: Realizada | D4: A19a | E4: B.1 | F4: E144 | G4: Educación grupal · Comunas, comunidades | H4: Alimentación | I4: 1
A5: C5-2610-M2XW | B5: 2026-10 | C5: Realizada | D5: A19a | E5: B.1 | F5: O144 | G5: Educación grupal · Comunas, comunidades | H5: Total participantes | I5: 15
A6: C5-2610-M2XW | B6: 2026-10 | C6: Realizada | D6: A27 | E6: B | F6: E84 | G6: Otras áreas temáticas | H6: Un profesional | I6: 1
A7: C5-2610-P9DH | B7: 2026-10 | C7: Realizada | D7: A19a | E7: B.2 | F7: F154 | G7: Establecimientos de educación | H7: Yo me cuido | I7: 1
A8: C5-2610-T4RB | B8: 2026-10 | C8: Realizada | D8: A19b | E8: B.1 | F8: H65 | G8: Reuniones con el intersector | H8: Comité o mesa de trabajo | I8: 1
A9: C5-2610-T4RB | B9: 2026-10 | C9: Realizada | D9: A19b | E9: B.1 | F9: O65 | G9: Reuniones con el intersector | H9: Hombres | I9: 5
A10: C5-2610-T4RB | B10: 2026-10 | C10: Realizada | D10: A19b | E10: B.1 | F10: P65 | G10: Reuniones con el intersector | H10: Mujeres | I10: 8
A11: C5-2610-T4RB | B11: 2026-10 | C11: Realizada | D11: A19b | E11: B.1 | F11: U65 | G11: Reuniones con el intersector | H11: Pueblos originarios | I11: 1
A12: C5-2610-T4RB | B12: 2026-10 | C12: Realizada | D12: A19b | E12: B.1 | F12: V65 | G12: Reuniones con el intersector | H12: Migrantes | I12: 2
A13: C5-2610-W8NA | B13: 2026-10 | C13: Realizada | D13: A19b | E13: B.1 | F13: J67 | G13: Jornadas de intercambio de experiencias | H13: Instancia de participación indígena en salud | I13: 1
... A23: C5-2610-H3ZJ | B23: 2026-10 | C23: Realizada | D23: A19a | E23: B.3 | F23: F164 | G23: Otros | H23: Preparación de actividades educativas | I23: 1

Sheet Consolidado_REM
A1: Mes a informar (AAAA-MM): | B1: 2026-10 | C1: Total de celdas con datos: | D1: =COUNTIF(F4:F923,">0") -> 22
A3: hoja | B3: seccion | C3: celda | D3: fila | E3: columna | F3: valor
A4: A19a | B4: B.1 | C4: D129 | D4: Evento masivo · Comunas, comunidades | E4: Actividad física | F4: =SUMIFS(Salidas_REM!$I:$I,Salidas_REM!$D:$D,A4,Salidas_REM!$F:$F,C4,Salidas_REM!$B:$B,$B$1,Salidas_REM!$C:$C,"Realizada") -> 1
A5: A19a | B5: B.1 | C5: E129 | D5: Evento masivo · Comunas, comunidades | E5: Alimentación | F5: =SUMIFS(Salidas_REM!$I:$I,Salidas_REM!$D:$D,A5,Salidas_REM!$F:$F,C5,Salidas_REM!$B:$B,$B$1,Salidas_REM!$C:$C,"Realizada") -> 0
A6: A19a | B6: B.1 | C6: F129 | D6: Evento masivo · Comunas, comunidades | E6: Ambiente libre de humo de tabaco | F6: =SUMIFS(Salidas_REM!$I:$I,Salidas_REM!$D:$D,A6,Salidas_REM!$F:$F,C6,Salidas_REM!$B:$B,$B$1,Salidas_REM!$C:$C,"Realizada") -> 0
A7: A19a | B7: B.1 | C7: G129 | D7: Evento masivo · Comunas, comunidades | E7: Factores protectores psicosociales | F7: =SUMIFS(Salidas_REM!$I:$I,Salidas_REM!$D:$D,A7,Salidas_REM!$F:$F,C7,Salidas_REM!$B:$B,$B$1,Salidas_REM!$C:$C,"Realizada") -> 0
A8: A19a | B8: B.1 | C8: H129 | D8: Evento masivo · Comunas, comunidades | E8: Factores protectores ambientales | F8: =SUMIFS(Salidas_REM!$I:$I,Salidas_REM!$D:$D,A8,Salidas_REM!$F:$F,C8,Salidas_REM!$B:$B,$B$1,Salidas_REM!$C:$C,"Realizada") -> 0
A9: A19a | B9: B.1 | C9: I129 | D9: Evento masivo · Comunas, comunidades | E9: Derechos humanos | F9: =SUMIFS(Salidas_REM!$I:$I,Salidas_REM!$D:$D,A9,Salidas_REM!$F:$F,C9,Salidas_REM!$B:$B,$B$1,Salidas_REM!$C:$C,"Realizada") -> 0
A10: A19a | B10: B.1 | C10: J129 | D10: Evento masivo · Comunas, comunidades | E10: Salud sexual y prevención de VIH/SIDA e ITS | F10: =SUMIFS(Salidas_REM!$I:$I,Salidas_REM!$D:$D,A10,Salidas_REM!$F:$F,C10,Salidas_REM!$B:$B,$B$1,Salidas_REM!$C:$C,"Realizada") -> 0
A11: A19a | B11: B.1 | C11: K129 | D11: Evento masivo · Comunas, comunidades | E11: Factores protectores psicosociales de pueblos originarios | F11: =SUMIFS(Salidas_REM!$I:$I,Salidas_REM!$D:$D,A11,Salidas_REM!$F:$F,C11,Salidas_REM!$B:$B,$B$1,Salidas_REM!$C:$C,"Realizada") -> 0
A12: A19a | B12: B.1 | C12: L129 | D12: Evento masivo · Comunas, comunidades | E12: Factores protectores psicosociales de migrantes | F12: =SUMIFS(Salidas_REM!$I:$I,Salidas_REM!$D:$D,A12,Salidas_REM!$F:$F,C12,Salidas_REM!$B:$B,$B$1,Salidas_REM!$C:$C,"Realizada") -> 0
A13: A19a | B13: B.1 | C13: M129 | D13: Evento masivo · Comunas, comunidades | E13: Factores protectores psicosociales PRAIS | F13: =SUMIFS(Salidas_REM!$I:$I,Salidas_REM!$D:$D,A13,Salidas_REM!$F:$F,C13,Salidas_REM!$B:$B,$B$1,Salidas_REM!$C:$C,"Realizada") -> 0
A14: A19a | B14: B.1 | C14: O129 | D14: Evento masivo · Comunas, comunidades | E14: Total participantes | F14: =SUMIFS(Salidas_REM!$I:$I,Salidas_REM!$D:$D,A14,Salidas_REM!$F:$F,C14,Salidas_REM!$B:$B,$B$1,Salidas_REM!$C:$C,"Realizada") -> 119
A15: A19a | B15: B.1 | C15: D130 | D15: Evento masivo · Espacios amigables en APS | E15: Actividad física | F15: =SUMIFS(Salidas_REM!$I:$I,Salidas_REM!$D:$D,A15,Salidas_REM!$F:$F,C15,Salidas_REM!$B:$B,$B$1,Salidas_REM!$C:$C,"Realizada") -> 0
... A923: A27 | B923: B | C923: I97 | D923: Seguridad vial — Mujeres | E923: Facilitador/a intercultural pueblos originarios | F923: =SUMIFS(Salidas_REM!$I:$I,Salidas_REM!$D:$D,A923,Salidas_REM!$F:$F,C923,Salidas_REM!$B:$B,$B$1,Salidas_REM!$C:$C,"Realizada") -> 0

Sheet Programacion_Cobertura
A1: codigo | B1: fecha | C1: mes | D1: actividad | E1: equipo | F1: estado | G1: meta | H1: logrado | I1: cumplimiento
A2: =IF(Registro!A2="","",Registro!A2) -> C5-2610-K7Q3 | B2: =IF(Registro!A2="","",Registro!B2) -> 2026-10-03 | C2: =IF(Registro!A2="","",Registro!C2) -> 2026-10 | D2: =IF(Registro!A2="","",Registro!E2) -> Feria de salud en la plaza | E2: =IF(Registro!A2="","",Registro!G2) -> Promoción de la salud | F2: =IF(Registro!A2="","",Registro!D2) -> Realizada | G2: =IF(Registro!A2="","",Registro!T2) -> 100 | H2: =IF(Registro!A2="","",IF(Registro!D2="Realizada",Registro!L2,0)) -> 119 | I2: =IF(OR(Registro!A2="",N(G2)=0),"",H2/G2) -> 1.19
A3: =IF(Registro!A3="","",Registro!A3) -> C5-2610-M2XW | B3: =IF(Registro!A3="","",Registro!B3) -> 2026-10-08 | C3: =IF(Registro!A3="","",Registro!C3) -> 2026-10 | D3: =IF(Registro!A3="","",Registro!E3) -> Educación grupal alimentación saludable | E3: =IF(Registro!A3="","",Registro!G3) -> Programa cardiovascular | F3: =IF(Registro!A3="","",Registro!D3) -> Realizada | G3: =IF(Registro!A3="","",Registro!T3) -> 12 | H3: =IF(Registro!A3="","",IF(Registro!D3="Realizada",Registro!L3,0)) -> 15 | I3: =IF(OR(Registro!A3="",N(G3)=0),"",H3/G3) -> 1.25
A4: =IF(Registro!A4="","",Registro!A4) -> C5-2610-P9DH | B4: =IF(Registro!A4="","",Registro!B4) -> 2026-10-10 | C4: =IF(Registro!A4="","",Registro!C4) -> 2026-10 | D4: =IF(Registro!A4="","",Registro!E4) -> Taller Yo me cuido | E4: =IF(Registro!A4="","",Registro!G4) -> Salud mental | F4: =IF(Registro!A4="","",Registro!D4) -> Realizada | G4: =IF(Registro!A4="","",Registro!T4) -> 15 | H4: =IF(Registro!A4="","",IF(Registro!D4="Realizada",Registro!L4,0)) -> 15 | I4: =IF(OR(Registro!A4="",N(G4)=0),"",H4/G4) -> 1
A5: =IF(Registro!A5="","",Registro!A5) -> C5-2610-T4RB | B5: =IF(Registro!A5="","",Registro!B5) -> 2026-10-15 | C5: =IF(Registro!A5="","",Registro!C5) -> 2026-10 | D5: =IF(Registro!A5="","",Registro!E5) -> Reunión mesa territorial Estación Central | E5: =IF(Registro!A5="","",Registro!G5) -> Participación social | F5: =IF(Registro!A5="","",Registro!D5) -> Realizada | G5: =IF(Registro!A5="","",Registro!T5) -> 12 | H5: =IF(Registro!A5="","",IF(Registro!D5="Realizada",Registro!L5,0)) -> 13 | I5: =IF(OR(Registro!A5="",N(G5)=0),"",H5/G5) -> 1.0833333
A6: =IF(Registro!A6="","",Registro!A6) -> C5-2610-W8NA | B6: =IF(Registro!A6="","",Registro!B6) -> 2026-10-22 | C6: =IF(Registro!A6="","",Registro!C6) -> 2026-10 | D6: =IF(Registro!A6="","",Registro!E6) -> Trawün de salud intercultural | E6: =IF(Registro!A6="","",Registro!G6) -> PESPI | F6: =IF(Registro!A6="","",Registro!D6) -> Realizada | G6: =IF(Registro!A6="","",Registro!T6) -> 25 | H6: =IF(Registro!A6="","",IF(Registro!D6="Realizada",Registro!L6,0)) -> 31 | I6: =IF(OR(Registro!A6="",N(G6)=0),"",H6/G6) -> 1.24
A7: =IF(Registro!A7="","",Registro!A7) -> C5-2610-H3ZJ | B7: =IF(Registro!A7="","",Registro!B7) -> 2026-10-24 | C7: =IF(Registro!A7="","",Registro!C7) -> 2026-10 | D7: =IF(Registro!A7="","",Registro!E7) -> Preparación material taller climaterio | E7: =IF(Registro!A7="","",Registro!G7) -> Salud de la mujer | F7: =IF(Registro!A7="","",Registro!D7) -> Realizada | G7: =IF(Registro!A7="","",Registro!T7) -> 0 | H7: =IF(Registro!A7="","",IF(Registro!D7="Realizada",Registro!L7,0)) -> 0 | I7: =IF(OR(Registro!A7="",N(G7)=0),"",H7/G7)
A8: =IF(Registro!A8="","",Registro!A8) -> C5-2611-B6FU | B8: =IF(Registro!A8="","",Registro!B8) -> 2026-11-12 | C8: =IF(Registro!A8="","",Registro!C8) -> 2026-11 | D8: =IF(Registro!A8="","",Registro!E8) -> Cuenta pública participativa 2026 | E8: =IF(Registro!A8="","",Registro!G8) -> Participación social | F8: =IF(Registro!A8="","",Registro!D8) -> Programada | G8: =IF(Registro!A8="","",Registro!T8) -> 80 | H8: =IF(Registro!A8="","",IF(Registro!D8="Realizada",Registro!L8,0)) -> 0 | I8: =IF(OR(Registro!A8="",N(G8)=0),"",H8/G8) -> 0
A9: =IF(Registro!A9="","",Registro!A9) -> C5-2611-R5CY | B9: =IF(Registro!A9="","",Registro!B9) -> 2026-11-05 | C9: =IF(Registro!A9="","",Registro!C9) -> 2026-11 | D9: =IF(Registro!A9="","",Registro!E9) -> Taller de prevención de caídas | E9: =IF(Registro!A9="","",Registro!G9) -> Más Adultos Mayores Autovalentes | F9: =IF(Registro!A9="","",Registro!D9) -> Programada | G9: =IF(Registro!A9="","",Registro!T9) -> 15 | H9: =IF(Registro!A9="","",IF(Registro!D9="Realizada",Registro!L9,0)) -> 0 | I9: =IF(OR(Registro!A9="",N(G9)=0),"",H9/G9) -> 0
A10: =IF(Registro!A10="","",Registro!A10) | B10: =IF(Registro!A10="","",Registro!B10) | C10: =IF(Registro!A10="","",Registro!C10) | D10: =IF(Registro!A10="","",Registro!E10) | E10: =IF(Registro!A10="","",Registro!G10) | F10: =IF(Registro!A10="","",Registro!D10) | G10: =IF(Registro!A10="","",Registro!T10) | H10: =IF(Registro!A10="","",IF(Registro!D10="Realizada",Registro!L10,0)) | I10: =IF(OR(Registro!A10="",N(G10)=0),"",H10/G10)
A11: =IF(Registro!A11="","",Registro!A11) | B11: =IF(Registro!A11="","",Registro!B11) | C11: =IF(Registro!A11="","",Registro!C11) | D11: =IF(Registro!A11="","",Registro!E11) | E11: =IF(Registro!A11="","",Registro!G11) | F11: =IF(Registro!A11="","",Registro!D11) | G11: =IF(Registro!A11="","",Registro!T11) | H11: =IF(Registro!A11="","",IF(Registro!D11="Realizada",Registro!L11,0)) | I11: =IF(OR(Registro!A11="",N(G11)=0),"",H11/G11)
A12: =IF(Registro!A12="","",Registro!A12) | B12: =IF(Registro!A12="","",Registro!B12) | C12: =IF(Registro!A12="","",Registro!C12) | D12: =IF(Registro!A12="","",Registro!E12) | E12: =IF(Registro!A12="","",Registro!G12) | F12: =IF(Registro!A12="","",Registro!D12) | G12: =IF(Registro!A12="","",Registro!T12) | H12: =IF(Registro!A12="","",IF(Registro!D12="Realizada",Registro!L12,0)) | I12: =IF(OR(Registro!A12="",N(G12)=0),"",H12/G12)
A13: =IF(Registro!A13="","",Registro!A13) | B13: =IF(Registro!A13="","",Registro!B13) | C13: =IF(Registro!A13="","",Registro!C13) | D13: =IF(Registro!A13="","",Registro!E13) | E13: =IF(Registro!A13="","",Registro!G13) | F13: =IF(Registro!A13="","",Registro!D13) | G13: =IF(Registro!A13="","",Registro!T13) | H13: =IF(Registro!A13="","",IF(Registro!D13="Realizada",Registro!L13,0)) | I13: =IF(OR(Registro!A13="",N(G13)=0),"",H13/G13)
... A401: =IF(Registro!A401="","",Registro!A401) | B401: =IF(Registro!A401="","",Registro!B401) | C401: =IF(Registro!A401="","",Registro!C401) | D401: =IF(Registro!A401="","",Registro!E401) | E401: =IF(Registro!A401="","",Registro!G401) | F401: =IF(Registro!A401="","",Registro!D401) | G401: =IF(Registro!A401="","",Registro!T401) | H401: =IF(Registro!A401="","",IF(Registro!D401="Realizada",Registro!L401,0)) | I401: =IF(OR(Registro!A401="",N(G401)=0),"",H401/G401)

Sheet Reglas
A1: hoja | B1: seccion | C1: celda | D1: fila | E1: columna | F1: regla | G1: validación
A2: A19a | B2: B.1 | C2: D129 | D2: Evento masivo · Comunas, comunidades | E2: Actividad física | F2: 1 por actividad | G2: Pendiente
A3: A19a | B3: B.1 | C3: E129 | D3: Evento masivo · Comunas, comunidades | E3: Alimentación | F3: 1 por actividad | G3: Pendiente
A4: A19a | B4: B.1 | C4: F129 | D4: Evento masivo · Comunas, comunidades | E4: Ambiente libre de humo de tabaco | F4: 1 por actividad | G4: Pendiente
A5: A19a | B5: B.1 | C5: G129 | D5: Evento masivo · Comunas, comunidades | E5: Factores protectores psicosociales | F5: 1 por actividad | G5: Pendiente
A6: A19a | B6: B.1 | C6: H129 | D6: Evento masivo · Comunas, comunidades | E6: Factores protectores ambientales | F6: 1 por actividad | G6: Pendiente
A7: A19a | B7: B.1 | C7: I129 | D7: Evento masivo · Comunas, comunidades | E7: Derechos humanos | F7: 1 por actividad | G7: Pendiente
A8: A19a | B8: B.1 | C8: J129 | D8: Evento masivo · Comunas, comunidades | E8: Salud sexual y prevención de VIH/SIDA e ITS | F8: 1 por actividad | G8: Pendiente
A9: A19a | B9: B.1 | C9: K129 | D9: Evento masivo · Comunas, comunidades | E9: Factores protectores psicosociales de pueblos originarios | F9: 1 por actividad | G9: Pendiente
A10: A19a | B10: B.1 | C10: L129 | D10: Evento masivo · Comunas, comunidades | E10: Factores protectores psicosociales de migrantes | F10: 1 por actividad | G10: Pendiente
A11: A19a | B11: B.1 | C11: M129 | D11: Evento masivo · Comunas, comunidades | E11: Factores protectores psicosociales PRAIS | F11: 1 por actividad | G11: Pendiente
A12: A19a | B12: B.1 | C12: O129 | D12: Evento masivo · Comunas, comunidades | E12: Total participantes | F12: Hombres + mujeres | G12: Pendiente
... A921: A27 | B921: B | C921: I97 | D921: Seguridad vial — Mujeres | E921: Facilitador/a intercultural pueblos originarios | F921: Sesiones | G921: Pendiente
